date,open,high,low,close,volume,dividends,stock splits
2023-10-04 00:00:00-04:00,76.04511382214625,79.9629246331298,75.72772222442718,77.16590881347656,8358300,0.0,0.0
2023-10-05 00:00:00-04:00,75.38058618756732,76.3625153888224,72.05789080984752,73.84321594238281,15351900,0.0,0.0
2023-10-06 00:00:00-04:00,72.44469710447294,77.83044084016379,72.44469710447294,77.34443664550781,7781100,0.0,0.0
2023-10-09 00:00:00-04:00,76.02529733781932,77.36429320680189,73.13306262855414,74.00192260742188,7000900,0.0,0.0
2023-10-10 00:00:00-04:00,73.35720823906983,74.89457841276501,71.9091084798177,74.38873291015625,5385600,0.0,0.0
2023-10-11 00:00:00-04:00,73.83329808630741,75.93601472111713,73.01006097461229,73.86305236816406,4602500,0.0,0.0
2023-10-12 00:00:00-04:00,73.14891643690949,74.6862865211127,72.15706672251072,73.62500762939453,4668700,0.0,0.0
2023-10-13 00:00:00-04:00,73.02989567265347,73.38696219440789,69.89565434162515,71.264404296875,5286500,0.0,0.0
2023-10-16 00:00:00-04:00,71.036276544722,74.23002614612572,71.036276544722,73.60516357421875,4555000,0.0,0.0
2023-10-17 00:00:00-04:00,72.53396740336525,74.51271032179797,72.41495027981088,73.87297058105469,2584900,0.0,0.0
2023-10-18 00:00:00-04:00,72.90094986755707,73.328436828031,71.6819703305985,71.85950469970703,2959800,0.0,0.0
2023-10-19 00:00:00-04:00,71.23465395679618,72.14715397746143,69.3798920643281,69.71712493896484,2867400,0.0,0.0
2023-10-20 00:00:00-04:00,69.82621693337282,70.20311707649988,68.3384424570959,69.36004638671875,3151500,0.0,0.0
2023-10-23 00:00:00-04:00,68.73519499316497,71.87935708083035,67.09864129004895,71.31400299072266,4089800,0.0,0.0
2023-10-24 00:00:00-04:00,71.70080473642997,73.10922927852687,71.20487996240614,71.42308807373047,3432200,0.0,0.0
2023-10-25 00:00:00-04:00,70.71888100906035,71.74544143191585,69.21126534739766,70.2130355834961,3298200,0.0,0.0
2023-10-26 00:00:00-04:00,65.78939479207453,71.64130974676642,64.97607831140299,69.42948150634766,3537100,0.0,0.0
2023-10-27 00:00:00-04:00,68.08057120760567,68.87405409245129,67.19782547100208,67.43586730957031,3412000,0.0,0.0
2023-10-30 00:00:00-04:00,67.92188115167437,68.76495201189962,66.8705151635124,67.8028564453125,3393700,0.0,0.0
2023-10-31 00:00:00-04:00,68.3582875276612,69.16169102462109,67.09864159045316,68.43763732910156,3370700,0.0,0.0
2023-11-01 00:00:00-04:00,67.60448167421903,68.62608569209195,66.92010293450446,66.95977783203125,2503500,0.0,0.0
2023-11-02 00:00:00-04:00,67.44578288141003,69.9650821500459,66.1464621327028,69.70719909667969,2848700,0.0,0.0
2023-11-03 00:00:00-04:00,69.89565680416692,70.51059883879918,68.4971449501546,70.22296905517578,2225900,0.0,0.0
2023-11-06 00:00:00-05:00,69.47907866418166,69.4989123297934,67.52513342765349,67.70366668701172,2855000,0.0,0.0
2023-11-07 00:00:00-05:00,67.1978179681116,69.67744224737771,66.8109971859231,69.49890899658203,2133600,0.0,0.0
2023-11-08 00:00:00-05:00,69.23110961914062,69.74686811518282,68.98314720297925,69.23110961914062,2053800,0.0,0.0
2023-11-09 00:00:00-05:00,68.52689262078792,69.74687108990778,68.52689262078792,69.06249237060547,2020500,0.0,0.0
2023-11-10 00:00:00-05:00,68.74509941333154,70.20311966458785,68.57648678260175,69.9749984741211,1645300,0.0,0.0
2023-11-13 00:00:00-05:00,69.70719419864642,72.60339344391907,69.60801074423263,72.38519287109375,2964300,0.0,0.0
2023-11-14 00:00:00-05:00,73.24810776854554,73.49607022379939,72.41495755115511,73.02989959716797,2814500,0.0,0.0
2023-11-15 00:00:00-05:00,72.87119330075168,74.03165554812013,72.41494338043277,73.30760955810547,3437100,0.0,0.0
2023-11-16 00:00:00-05:00,72.1471639172841,72.46455560155667,70.00477194024803,70.30232238769531,2446600,0.0,0.0
2023-11-17 00:00:00-05:00,70.32214463074293,70.78831519643533,69.48898695505144,70.41140747070312,1500400,0.0,0.0
2023-11-20 00:00:00-05:00,70.4213303891088,70.76847627899284,70.00475532124798,70.18328857421875,1814300,0.0,0.0
2023-11-21 00:00:00-05:00,70.22296958373775,72.20666920398781,69.89565733026524,71.72065734863281,1767600,0.0,0.0
2023-11-22 00:00:00-05:00,72.20666928073777,73.22827337549828,71.75041170844739,72.34552764892578,1906300,0.0,0.0
2023-11-24 00:00:00-05:00,72.0678037184214,73.5258164388503,71.64130803950046,73.40679931640625,823400,0.0,0.0
2023-11-27 00:00:00-05:00,73.21835447391447,73.38696712963394,72.40503791238174,72.90096282958984,1649900,0.0,0.0
2023-11-28 00:00:00-05:00,72.3306348483486,73.93147852304652,72.25624158828735,72.722412109375,2062100,0.0,0.0
2023-11-29 00:00:00-05:00,72.8017653817325,74.63668570965703,72.64306580643347,73.61508178710938,2519200,0.0,0.0
2023-11-30 00:00:00-05:00,74.09117200061029,76.98737897097305,74.09117200061029,76.62039184570312,8454100,0.0,0.0
2023-12-01 00:00:00-05:00,76.5410380580493,76.5410380580493,75.35082146786789,75.88642120361328,2039400,0.0,0.0
2023-12-04 00:00:00-05:00,75.35082263821799,76.29307682281234,74.87473145442326,75.16236877441406,1625800,0.0,0.0
2023-12-05 00:00:00-05:00,74.78547851973104,75.51944527338674,74.60595394307369,74.93425750732422,1411400,0.0,0.0
2023-12-06 00:00:00-05:00,74.93425075230346,75.86658436056149,74.40856403456763,75.21196746826172,2001200,0.0,0.0
2023-12-07 00:00:00-05:00,75.18222147660843,75.66822578312319,74.01183835372632,74.0217514038086,1296000,0.0,0.0
2023-12-08 00:00:00-05:00,73.99198662099299,75.02846774856816,73.66467440158628,74.81522369384766,1131300,0.0,0.0
2023-12-11 00:00:00-05:00,74.38873473512781,76.72950086017025,74.04158881980658,76.19390106201172,1649000,0.0,0.0
2023-12-12 00:00:00-05:00,75.74757170348133,77.24525944820957,75.16237638843636,76.81876373291016,2329300,0.0,0.0
2023-12-13 00:00:00-05:00,76.5410378925427,78.06253947683729,75.67813351505144,77.10639190673828,3854100,0.0,0.0
2023-12-14 00:00:00-05:00,77.8701246834579,79.07026195273552,76.99729207510113,78.68344116210938,3231000,0.0,0.0
2023-12-15 00:00:00-05:00,78.22718528598367,79.2785435024305,77.39402763793699,78.20734405517578,6727600,0.0,0.0
2023-12-18 00:00:00-05:00,78.54457596249469,80.26047161405782,77.7907681120027,80.18112182617188,1955000,0.0,0.0
2023-12-19 00:00:00-05:00,80.93493372448413,82.9384743491405,80.32990480421574,82.75994110107422,2902900,0.0,0.0
2023-12-20 00:00:00-05:00,82.86905167335841,83.2013204396982,79.96293153184085,79.9827651977539,1704100,0.0,0.0
2023-12-21 00:00:00-05:00,80.65720630256872,81.31183064756358,79.15951134098091,80.4588394165039,919300,0.0,0.0
2023-12-22 00:00:00-05:00,79.98276720515676,81.12339598772287,79.37773822224464,80.97461700439453,712700,0.0,0.0
2023-12-26 00:00:00-05:00,81.03412137117245,81.66394807986684,80.726650370852,81.46061706542969,700200,0.0,0.0
2023-12-27 00:00:00-05:00,81.47054083226413,82.81945714685952,81.31184880142469,82.54174041748047,1018100,0.0,0.0
2023-12-28 00:00:00-05:00,82.41266709168568,82.84955594377173,81.68782945757988,82.45238494873047,799300,0.09,0.0
2023-12-29 00:00:00-05:00,82.2537845027775,82.77010899889487,81.28072365113464,81.67789459228516,675000,0.0,0.0
2024-01-02 00:00:00-05:00,80.5261062420697,81.4197390392895,79.38424253314476,80.44667053222656,1129600,0.0,0.0
2024-01-03 00:00:00-05:00,80.0296309934697,80.32751106770817,77.19980058982402,77.4976806640625,1198300,0.0,0.0
2024-01-04 00:00:00-05:00,76.9019232101946,77.7260515457805,76.02815324409951,76.06787109375,1388500,0.0,0.0
2024-01-05 00:00:00-05:00,76.06787097418889,77.09058098101455,75.71041790330155,76.35581970214844,1899300,0.0,0.0
2024-01-08 00:00:00-05:00,75.92886826029647,77.28916873250328,75.92886826029647,76.96150970458984,1555800,0.0,0.0
2024-01-09 00:00:00-05:00,76.9515845608649,77.02605080608382,76.17710530896251,76.19696044921875,2100300,0.0,0.0
2024-01-10 00:00:00-05:00,75.85935840394116,76.18702498346936,74.46430207112579,75.88914489746094,1625000,0.0,0.0
2024-01-11 00:00:00-05:00,75.85935355005743,76.04800385541367,74.42954134935243,75.54161834716797,1020100,0.0,0.0
2024-01-12 00:00:00-05:00,75.67070479079165,75.87921783262824,74.46926817331092,75.22389221191406,1066100,0.0,0.0
2024-01-16 00:00:00-05:00,73.83380302038015,74.7472909578125,73.38699040925086,74.0224609375,1342700,0.0,0.0
2024-01-17 00:00:00-05:00,73.94301463398816,75.44233124774433,73.74442538773278,75.34303283691406,1469100,0.0,0.0
2024-01-18 00:00:00-05:00,75.30331181692756,76.0380806340264,74.49904623582202,75.47211456298828,1253400,0.0,0.0
2024-01-19 00:00:00-05:00,75.33310891473707,77.13029803139482,75.33310891473707,77.001220703125,1280800,0.0,0.0
2024-01-22 00:00:00-05:00,77.11044969678878,79.19558772236236,76.95157828606791,79.12608337402344,1496100,0.0,0.0
2024-01-23 00:00:00-05:00,79.93034113229152,79.93034113229152,78.3019472109083,78.33173370361328,1202800,0.0,0.0
2024-01-24 00:00:00-05:00,78.93742235920762,78.93742235920762,75.68063432173537,75.72035217285156,1338600,0.0,0.0
2024-01-25 00:00:00-05:00,75.90900330134023,76.39554130111868,75.45225937176902,76.15723419189453,1081000,0.0,0.0
2024-01-26 00:00:00-05:00,76.52462614055115,77.54733629785001,75.89908696216418,76.4451904296875,997600,0.0,0.0
2024-01-29 00:00:00-05:00,76.08772257822345,77.40831260793671,75.52175650483275,77.34873962402344,1044100,0.0,0.0
2024-01-30 00:00:00-05:00,77.1898745969125,77.8154212811941,76.28134864030797,77.77570343017578,1199100,0.0,0.0
2024-01-31 00:00:00-05:00,77.7757101340875,78.04379618231206,76.06788027012027,76.1473159790039,2405800,0.0,0.0
2024-02-01 00:00:00-05:00,76.20688706598567,76.58419531063203,74.63806594411942,76.2466049194336,1508000,0.0,0.0
2024-02-02 00:00:00-05:00,76.14731690294225,76.58419815629082,74.80686391933655,76.29624938964844,1069200,0.0,0.0
2024-02-05 00:00:00-05:00,75.53170582481663,76.0678855337738,74.9558082586693,75.23382568359375,1323400,0.0,0.0
2024-02-06 00:00:00-05:00,74.67777522573041,77.1700153218245,74.51891140557974,77.07072448730469,1552900,0.0,0.0
2024-02-07 00:00:00-05:00,79.67219022986397,82.37294372501295,78.86593975446118,80.58568572998047,2520300,0.0,0.0
2024-02-08 00:00:00-05:00,81.15164822181674,83.29635923377982,80.92327246328169,81.97576904296875,2085600,0.0,0.0
2024-02-09 00:00:00-05:00,81.9856940058157,82.95876237984001,81.4097965512994,81.5488052368164,1319500,0.0,0.0
2024-02-12 00:00:00-05:00,81.94598157090431,83.19706739862812,81.45945113944727,82.90911865234375,1681800,0.0,0.0
2024-02-13 00:00:00-05:00,81.34028959710301,83.18712787442779,80.65120046013257,81.60838317871094,1068900,0.0,0.0
2024-02-14 00:00:00-05:00,82.45237333365246,83.85736108013869,82.3133646412812,83.6240234375,1414000,0.0,0.0
2024-02-15 00:00:00-05:00,84.10061672270162,86.4141302766214,83.71834663266206,85.97724151611328,1767700,0.0,0.0
2024-02-16 00:00:00-05:00,85.80845579103865,86.08647318728842,85.19284800660154,85.48078918457031,1486200,0.0,0.0
2024-02-20 00:00:00-05:00,84.54744005050767,85.53043222358176,84.40843136241257,85.16304779052734,1534400,0.0,0.0
2024-02-21 00:00:00-05:00,83.56443823067163,84.93466981603052,82.7502337580995,84.75594329833984,869100,0.0,0.0
2024-02-22 00:00:00-05:00,85.43114661787394,85.97228815648633,85.09354865796323,85.33185577392578,1006600,0.0,0.0
2024-02-23 00:00:00-05:00,85.79852488952695,86.78647894240245,85.74887568342841,86.09639739990234,1152700,0.0,0.0
2024-02-26 00:00:00-05:00,86.1659169866093,86.82125026109814,85.55030914435123,85.6992416381836,893800,0.0,0.0
2024-02-27 00:00:00-05:00,86.96024155263358,87.24819027537269,86.17086919182057,87.16875457763672,1836600,0.0,0.0
2024-02-28 00:00:00-05:00,86.97016489004822,88.18153276043037,86.23540362824784,86.95030975341797,1064500,0.0,0.0
2024-02-29 00:00:00-05:00,87.27797893447405,87.27797893447405,85.40234646555245,85.8084487915039,2953400,0.0,0.0
2024-03-01 00:00:00-05:00,85.09353784685084,86.42405922801231,85.09353784685084,86.14604187011719,816800,0.0,0.0
2024-03-04 00:00:00-05:00,86.61273213654371,87.81913071857744,86.27513416095576,87.1191177368164,1522800,0.0,0.0
2024-03-05 00:00:00-05:00,86.75173264451057,88.1616822569118,86.21555302245542,87.87373352050781,1683500,0.0,0.0
2024-03-06 00:00:00-05:00,88.1914778017725,88.98581974753769,87.45671642595376,88.24112701416016,1298400,0.0,0.0
2024-03-07 00:00:00-05:00,88.6382780406355,89.90922649155824,88.55884991746952,88.68792724609375,934500,0.0,0.0
2024-03-08 00:00:00-05:00,88.81699960850081,89.86950361720457,88.25103354478657,88.62834930419922,698900,0.0,0.0
2024-03-11 00:00:00-04:00,88.2411191698747,88.53899169150229,86.71201598422198,88.13189697265625,1085500,0.0,0.0
2024-03-12 00:00:00-04:00,88.70777851875287,88.92920760211047,87.77443561511826,87.8042221069336,1316800,0.0,0.0
2024-03-13 00:00:00-04:00,87.7744390013539,88.97091363812713,87.26804589474273,88.469482421875,1281100,0.0,0.0
2024-03-14 00:00:00-04:00,88.30069533970745,88.50920838497906,87.03968571104414,87.60565185546875,1124700,0.0,0.0
2024-03-15 00:00:00-04:00,86.39427917291789,87.64535737665696,85.29213343957248,85.88788604736328,5058400,0.0,0.0
2024-03-18 00:00:00-04:00,86.84108090632485,87.06448715946324,86.10135023551982,86.41412353515625,2674800,0.0,0.0
2024-03-19 00:00:00-04:00,86.70208210630882,87.10918438872216,86.38434688056893,86.82123565673828,1697500,0.0,0.0
2024-03-20 00:00:00-04:00,86.76166053275765,87.99289123816312,86.68024007117087,87.49642944335938,1736100,0.0,0.0
2024-03-21 00:00:00-04:00,88.51913940115163,89.71064467680294,87.80621796191646,89.26383209228516,1733500,0.0,0.0
2024-03-22 00:00:00-04:00,90.04824177886009,90.04824177886009,88.3255187637367,88.82694244384766,1495400,0.0,0.0
2024-03-25 00:00:00-04:00,88.66806604383922,89.36310942027953,88.27089515355705,88.7673568725586,1350800,0.0,0.0
2024-03-26 00:00:00-04:00,88.91629801386503,89.55176841609139,88.51912711862236,88.62834930419922,1518800,0.0,0.0
2024-03-27 00:00:00-04:00,89.00604453784173,90.07947847126121,88.20095960896352,89.19488525390625,1395700,0.09,0.0
2024-03-28 00:00:00-04:00,89.21477676096579,89.3042264379169,88.09163581890218,88.1214599609375,1546500,0.0,0.0
2024-04-01 00:00:00-04:00,88.05186469895932,88.1214467702412,86.7796411524134,87.00824737548828,1172600,0.0,0.0
2024-04-02 00:00:00-04:00,86.77964625734877,86.77964625734877,86.0242682215575,86.05408477783203,1424200,0.0,0.0
2024-04-03 00:00:00-04:00,85.9248728940242,87.2567372622254,85.38815969434222,86.72001647949219,3038000,0.0,0.0
2024-04-04 00:00:00-04:00,87.58474344490207,87.58474344490207,86.07397199586453,86.1634292602539,1543300,0.0,0.0
2024-04-05 00:00:00-04:00,86.43178938110535,87.0480261264189,86.06403409362031,86.56099700927734,1993800,0.0,0.0
2024-04-08 00:00:00-04:00,86.91880155802677,87.60461273437981,86.52123733474242,87.13746643066406,923800,0.0,0.0
2024-04-09 00:00:00-04:00,87.4754061381978,89.13526029718776,87.04801776844663,88.65817260742188,1215100,0.0,0.0
2024-04-10 00:00:00-04:00,87.19709929737466,88.0518683670903,86.79952752675409,87.66423797607422,1142500,0.0,0.0
2024-04-11 00:00:00-04:00,87.75370311605776,88.39975635351934,85.72609372834295,86.8790512084961,1241000,0.0,0.0
2024-04-12 00:00:00-04:00,86.11372530852297,87.2269248646564,85.51737138250748,86.83929443359375,1299000,0.0,0.0
2024-04-15 00:00:00-04:00,87.93260710403656,90.21863164371324,87.93260710403656,89.31416320800781,2158300,0.0,0.0
2024-04-16 00:00:00-04:00,89.12531532163598,90.81499355431124,88.92653321569831,90.33790588378906,2097700,0.0,0.0
2024-04-17 00:00:00-04:00,91.02371939163645,91.59025674954906,89.55171260758482,89.9999771118164,2265100,0.0,0.0
2024-04-18 00:00:00-04:00,89.99998260654861,90.09937366815284,87.88291583742422,88.26061248779297,2378100,0.0,0.0
2024-04-19 00:00:00-04:00,88.29041876647499,89.10543750960308,87.87297180651815,88.35005187988281,5196800,0.0,0.0
2024-04-22 00:00:00-04:00,88.59854859918546,90.91439762182819,87.59468137947704,90.67585754394531,1995500,0.0,0.0
2024-04-23 00:00:00-04:00,91.22250038634473,93.27495940262745,90.8448113467089,93.15071868896484,2554700,0.0,0.0
2024-04-24 00:00:00-04:00,92.87241342502536,94.82050675261235,88.2009584075931,91.83872985839844,3370000,0.0,0.0
2024-04-25 00:00:00-04:00,92.07726754464849,93.53833939893832,90.30808117903653,93.22028350830078,1921400,0.0,0.0
2024-04-26 00:00:00-04:00,92.99169049241011,93.76695136202918,92.04249716684156,93.54829406738281,1151400,0.0,0.0
2024-04-29 00:00:00-04:00,93.57811095922634,94.97954232473928,93.44889575846264,94.31361389160156,1869000,0.0,0.0
2024-04-30 00:00:00-04:00,93.95579726091431,94.86027330754432,93.03144603639254,93.1109619140625,1287900,0.0,0.0
2024-05-01 00:00:00-04:00,93.071198790312,94.63166178315849,92.88235048712929,93.80670166015625,1091900,0.0,0.0
2024-05-02 00:00:00-04:00,93.82658463632455,94.42293852089897,92.54441961381148,93.27992248535156,1265900,0.0,0.0
2024-05-03 00:00:00-04:00,94.2340992486122,95.54608095363575,93.9458598671155,95.30754089355469,939900,0.0,0.0
2024-05-06 00:00:00-04:00,96.31139871844181,96.64932980560127,95.43673927769768,96.40084838867188,632600,0.0,0.0
2024-05-07 00:00:00-04:00,96.45054715722078,96.79841962233502,95.55601254474776,96.67914581298828,1240900,0.0,0.0
2024-05-08 00:00:00-04:00,96.10267522983253,96.31139871006894,95.69516206623925,96.1424331665039,1039000,0.0,0.0
2024-05-09 00:00:00-04:00,96.10268308115535,96.86800257121335,95.29759806812619,95.35723876953125,1860600,0.0,0.0
2024-05-10 00:00:00-04:00,95.78461076402216,96.23187424128615,94.89007622644382,95.913818359375,1521600,0.0,0.0
2024-05-13 00:00:00-04:00,96.12255263167796,96.12255263167796,95.12366004248476,95.28765869140625,1273800,0.0,0.0
2024-05-14 00:00:00-04:00,95.58583868842103,96.63940515236067,94.65652052775303,96.35116577148438,1310900,0.0,0.0
2024-05-15 00:00:00-04:00,97.15623927478016,98.76640167347811,97.14629789431095,98.29925537109375,1425500,0.0,0.0
2024-05-16 00:00:00-04:00,98.08059601142523,98.59743407910021,97.81223938808573,97.85198974609375,1261200,0.0,0.0
2024-05-17 00:00:00-04:00,97.70290257459806,98.3390144369924,96.82824307651717,98.0010757446289,1319400,0.0,0.0
2024-05-20 00:00:00-04:00,98.14022418088888,99.1838492276739,96.7487266461927,98.02095794677734,1278000,0.0,0.0
2024-05-21 00:00:00-04:00,98.02095423414555,99.14408753344807,97.55380794676492,98.92542266845703,882100,0.0,0.0
2024-05-22 00:00:00-04:00,98.9353738034307,100.30698866036123,98.9055572430923,100.14796447753906,1207400,0.0,0.0
2024-05-23 00:00:00-04:00,100.26722652248034,100.43619966241269,99.20870075950876,99.25342559814453,1175400,0.0,0.0
2024-05-24 00:00:00-04:00,99.49195866659677,101.68853350093521,99.18881103204718,101.56926727294922,1867300,0.0,0.0
2024-05-28 00:00:00-04:00,101.39036662900958,101.95690399619315,99.6808131468271,100.05850219726562,2062300,0.0,0.0
2024-05-29 00:00:00-04:00,99.18385158551293,100.34674289405422,97.85198713621088,97.94144439697266,1613500,0.0,0.0
2024-05-30 00:00:00-04:00,98.20980371084552,98.92543148439032,97.3947848760977,98.62725830078125,1786100,0.0,0.0
2024-05-31 00:00:00-04:00,98.85585309230822,99.83487055188057,97.46933002292721,97.981201171875,6836500,0.0,0.0
2024-06-03 00:00:00-04:00,100.23740687782171,100.59522074199676,96.72885031587597,98.31912994384766,1350100,0.0,0.0
2024-06-04 00:00:00-04:00,97.92155200254481,99.85971157583478,97.82216095384939,99.82989501953125,1233000,0.0,0.0
2024-06-05 00:00:00-04:00,99.95909976345031,100.37654670585326,99.00592545343818,100.18770599365234,762000,0.0,0.0
2024-06-06 00:00:00-04:00,100.29704374200978,101.0921797340651,98.13227222144374,98.70675659179688,1119700,0.0,0.0
2024-06-07 00:00:00-04:00,98.09549705906973,99.41244558373124,97.71283353975151,98.6173095703125,1062000,0.0,0.0
2024-06-10 00:00:00-04:00,98.27936775220677,99.42238379202108,97.74762146068534,99.24347686767578,943800,0.0,0.0
2024-06-11 00:00:00-04:00,98.83597660405786,99.59135469589881,97.67307774170649,99.5814208984375,798200,0.0,0.0
2024-06-12 00:00:00-04:00,100.38649368543673,100.84369858829535,99.004937596806,100.51570129394531,833400,0.0,0.0
2024-06-13 00:00:00-04:00,100.12807440906539,100.53558759209318,99.0148824613825,100.39643859863281,708900,0.0,0.0
2024-06-14 00:00:00-04:00,99.7503853250161,100.37655579532259,98.90554998420693,100.13801574707031,918100,0.0,0.0
2024-06-17 00:00:00-04:00,99.44227601245719,100.78407428117386,99.1192455883807,99.95911407470703,925200,0.0,0.0
2024-06-18 00:00:00-04:00,99.98891930923972,100.99278634336981,99.68080478297296,100.60515594482422,999300,0.0,0.0
2024-06-20 00:00:00-04:00,99.819965932245,100.48589438186724,98.95524777770066,99.6708755493164,1734400,0.0,0.0
2024-06-21 00:00:00-04:00,99.39256532615835,99.46213981856462,97.61343749685399,98.2694320678711,3259700,0.0,0.0
2024-06-24 00:00:00-04:00,98.85585698887022,100.11814697368133,98.31913615868108,99.14409637451172,1377500,0.0,0.0
2024-06-25 00:00:00-04:00,98.94530710797272,99.66092724683664,97.99113175671816,98.34894561767578,1040100,0.0,0.0
2024-06-26 00:00:00-04:00,97.82216760676106,98.25949735042495,97.60350273492911,97.78240966796875,1441300,0.0,0.0
2024-06-27 00:00:00-04:00,98.17003973229201,98.24458871089843,96.68909253720517,97.01708984375,1353600,0.0,0.0
2024-06-28 00:00:00-04:00,97.36527799716491,97.54335572752413,94.96770294913867,94.97765350341797,9333700,0.09,0.0
2024-07-01 00:00:00-04:00,95.52481621739861,95.79342806291471,94.43049049615912,94.95775604248047,1486900,0.0,0.0
2024-07-02 00:00:00-04:00,94.60956607442402,95.08709404542722,93.2864230866929,93.86343383789062,2085400,0.0,0.0
2024-07-03 00:00:00-04:00,94.23152410811319,95.38553796699597,94.15193485162493,94.83837890625,1198600,0.0,0.0
2024-07-05 00:00:00-04:00,94.00271822961984,95.28109519971409,93.51524725742814,95.10699462890625,933100,0.0,0.0
2024-07-08 00:00:00-04:00,95.65415202392467,95.65415202392467,94.73889832327504,95.40544128417969,1204800,0.0,0.0
2024-07-09 00:00:00-04:00,95.56461839983037,95.88296786371917,94.93787002750082,95.20647430419922,838200,0.0,0.0
2024-07-10 00:00:00-04:00,95.21641230934816,95.73373486376134,94.71899086320796,95.3158950805664,1132400,0.0,0.0
2024-07-11 00:00:00-04:00,95.51487560022869,97.59409376267915,95.33580356216675,96.59925079345703,1976800,0.0,0.0
2024-07-12 00:00:00-04:00,97.65379759132827,99.11621050158381,97.50456961557359,98.25070190429688,1052600,0.0,0.0
2024-07-15 00:00:00-04:00,98.48944709426408,98.84261966336507,97.42695408776086,97.50455474853516,1088600,0.0,0.0
2024-07-16 00:00:00-04:00,97.99202851301712,99.37485957721515,97.99202851301712,98.68841552734375,1111700,0.0,0.0
2024-07-17 00:00:00-04:00,98.98687069460406,99.30024864370924,97.00713540592575,97.5344009399414,1527500,0.0,0.0
2024-07-18 00:00:00-04:00,97.99203392330737,98.85257097924739,97.67368447203161,98.1213607788086,849500,0.0,0.0
2024-07-19 00:00:00-04:00,98.2904828982845,98.74810972772802,97.75326681414235,97.95223236083984,1011400,0.0,0.0
2024-07-22 00:00:00-04:00,98.42976231560054,99.24553321785226,97.5940903042419,99.01671600341797,930700,0.0,0.0
2024-07-23 00:00:00-04:00,98.39992661323079,100.34981801888637,98.36510346435574,99.92203521728516,971600,0.0,0.0
2024-07-24 00:00:00-04:00,99.80264695638519,100.27022436908054,98.45363708903899,98.78791046142578,1364100,0.0,0.0
2024-07-25 00:00:00-04:00,98.51930270540502,101.06609839872095,98.40986936639068,99.0963134765625,1687400,0.0,0.0
2024-07-26 00:00:00-04:00,103.46367693156192,107.30377170180275,103.46367693156192,104.32919311523438,3164700,0.0,0.0
2024-07-29 00:00:00-04:00,105.53294044447487,106.34672275527195,104.3988201049399,104.55799102783203,2195500,0.0,0.0
2024-07-30 00:00:00-04:00,104.62763613745587,106.94562214129303,104.62763613745587,106.50788879394531,1702100,0.0,0.0
2024-07-31 00:00:00-04:00,106.68696875020169,107.21025717678657,105.60259344663169,106.0104751586914,1486100,0.0,0.0
2024-08-01 00:00:00-04:00,106.16964323634197,106.7864410216413,105.16982119137853,106.14974212646484,1531200,0.0,0.0
2024-08-02 00:00:00-04:00,105.3140757286528,105.94082405732053,102.51856945643638,104.29933166503906,1698800,0.0,0.0
2024-08-05 00:00:00-04:00,102.03108756624937,103.21495307125588,101.08598982715873,101.46402740478516,1773500,0.0,0.0
2024-08-06 00:00:00-04:00,101.81222671260626,104.48835675190857,101.23522355387585,103.58305358886719,1612900,0.0,0.0
2024-08-07 00:00:00-04:00,104.57789929018718,106.05026268535956,103.4248720590941,103.69248962402344,1183700,0.0,0.0
2024-08-08 00:00:00-04:00,104.00088532156362,106.77649812739553,103.18511438720098,106.68695831298828,1173600,0.0,0.0
2024-08-09 00:00:00-04:00,106.20944121226374,106.53773363508412,105.11013635342876,105.55284118652344,1466900,0.0,0.0
2024-08-12 00:00:00-04:00,105.35386511612519,106.90084613639448,104.91613180928145,105.9408187866211,781900,0.0,0.0
2024-08-13 00:00:00-04:00,106.24923670852218,107.91062271680796,105.91098613764522,107.53257751464844,1061800,0.0,0.0
2024-08-14 00:00:00-04:00,107.51267561560084,108.32347503594201,107.33360358380922,107.95040893554688,771600,0.0,0.0
2024-08-15 00:00:00-04:00,108.9452513712361,108.95519433569899,107.74149233694395,108.40803527832031,1029700,0.0,0.0
2024-08-16 00:00:00-04:00,108.3582978395565,108.69654840669817,107.62808192318717,108.15933227539062,942800,0.0,0.0
2024-08-19 00:00:00-04:00,108.67664202738241,109.2088866502989,108.42793128920822,109.014892578125,1113400,0.0,0.0
2024-08-20 00:00:00-04:00,109.01489509830918,109.33324454692972,108.66670157482572,108.83582305908203,927900,0.0,0.0
2024-08-21 00:00:00-04:00,109.43271887598496,109.5719962746232,108.77611891950555,109.25364685058594,1103600,0.0,0.0
2024-08-22 00:00:00-04:00,109.60184575089426,110.77576073304354,109.37303612329995,110.2584457397461,1223300,0.0,0.0
2024-08-23 00:00:00-04:00,110.92498980290253,111.57163924353023,110.44149606465558,111.20354461669922,874100,0.0,0.0
2024-08-26 00:00:00-04:00,111.42241930212788,111.6412859830222,110.30819237668861,110.4574203491211,947600,0.0,0.0
2024-08-27 00:00:00-04:00,110.35793843213042,110.83546642966007,109.87046746906373,110.5768051147461,978500,0.0,0.0
2024-08-28 00:00:00-04:00,111.08417223569658,111.11401631107705,110.40767869689057,110.68623352050781,1279100,0.0,0.0
2024-08-29 00:00:00-04:00,111.17371028361342,112.18844684993577,110.68623931675612,111.2333984375,1375600,0.0,0.0
2024-08-30 00:00:00-04:00,111.40252053222451,112.0790140640009,110.55192644247163,111.8501968383789,2254600,0.0,0.0
2024-09-03 00:00:00-04:00,110.52705546559488,111.64128235482319,109.05469208023753,109.69139099121094,1369900,0.0,0.0
2024-09-04 00:00:00-04:00,109.58194856705151,111.02446775727891,109.58194856705151,110.27833557128906,1108700,0.0,0.0
2024-09-05 00:00:00-04:00,109.63169419904169,110.1689103231592,108.73634158222882,109.28350067138672,1148300,0.0,0.0
2024-09-06 00:00:00-04:00,109.02484082856687,110.18881290809142,107.52263336200015,108.15933227539062,2043500,0.0,0.0
2024-09-09 00:00:00-04:00,109.55210992886228,109.63169159754524,108.62690566873384,108.92535400390625,2033600,0.0,0.0
2024-09-10 00:00:00-04:00,109.2735434689129,109.55210586414088,108.57715645596595,109.15416717529297,1312400,0.0,0.0
2024-09-11 00:00:00-04:00,108.75623244622797,109.29344855722516,107.06500244460861,108.38813781738281,1307100,0.0,0.0
2024-09-12 00:00:00-04:00,108.27869372809079,109.02482587645983,107.88076265433294,108.736328125,1409400,0.0,0.0
2024-09-13 00:00:00-04:00,109.43273556796517,110.19876137731886,108.73634846855272,109.45262908935547,1163100,0.0,0.0
2024-09-16 00:00:00-04:00,109.95998925093036,110.99959830452235,109.1939635246124,109.39292907714844,1494100,0.0,0.0
2024-09-17 00:00:00-04:00,110.44747212221753,110.91504957034077,108.27871396861723,108.37820434570312,1123300,0.0,0.0
2024-09-18 00:00:00-04:00,108.48763348533052,109.00991999454592,106.90582914956005,107.53257751464844,1749600,0.0,0.0
2024-09-19 00:00:00-04:00,108.89550598847494,109.03478339119152,107.95339113222452,108.90545654296875,1487200,0.0,0.0
2024-09-20 00:00:00-04:00,108.7761221046968,109.1969447922291,107.99020287081719,108.90545654296875,8340500,0.0,0.0
2024-09-23 00:00:00-04:00,109.75108096809939,110.61659712243885,108.65973806062654,109.68144226074219,2085800,0.0,0.0
2024-09-24 00:00:00-04:00,109.06463181445265,111.30302849173496,108.78607699790989,110.82550811767578,1340200,0.0,0.0
2024-09-25 00:00:00-04:00,111.27318180629402,111.27318180629402,110.10921738302937,110.46736145019531,1452000,0.0,0.0
2024-09-26 00:00:00-04:00,110.82549960202253,111.70095861389514,110.25445468193853,110.70611572265625,1134100,0.0,0.0
2024-09-27 00:00:00-04:00,110.85546714002575,111.39311808053017,109.08321455624801,109.81999969482422,1834400,0.09,0.0
2024-09-30 00:00:00-04:00,109.67064959967446,111.53250685259505,108.91196464614472,111.37320709228516,1523400,0.0,0.0
2024-10-01 00:00:00-04:00,112.06021587383306,112.12492784599857,108.77954904970429,109.55117797851562,1805900,0.0,0.0
2024-10-02 00:00:00-04:00,109.32218303514809,111.04465028760252,109.13798293986966,110.79573822021484,1143100,0.0,0.0
2024-10-03 00:00:00-04:00,110.65634129803153,111.11433856245233,109.97033670458656,110.82559967041016,1149200,0.0,0.0
2024-10-04 00:00:00-04:00,111.41303592677373,111.80133811996245,110.35764366152347,111.53250885009766,952200,0.0,0.0
2024-10-07 00:00:00-04:00,110.44726086379941,111.29356035849709,110.29791210680727,110.63643646240234,1516600,0.0,0.0
2024-10-08 00:00:00-04:00,111.40307934037462,112.06518632185671,110.67626038964815,111.69181823730469,1497800,0.0,0.0
2024-10-09 00:00:00-04:00,112.25933362907875,113.0060697729529,111.62211939400159,112.4485092163086,988200,0.0,0.0
2024-10-10 00:00:00-04:00,112.44851123098323,112.79698658512936,111.07949494268611,111.36325073242188,773500,0.0,0.0
2024-10-11 00:00:00-04:00,111.68185867694149,113.6831137200301,111.64203183671863,112.63768005371094,1365600,0.0,0.0
2024-10-14 00:00:00-04:00,112.98615739413664,113.48398147790388,112.69741851400852,112.79698181152344,971900,0.0,0.0
2024-10-15 00:00:00-04:00,113.40432882162366,114.11123811538953,112.30911734672154,112.38876342773438,1030300,0.0,0.0
2024-10-16 00:00:00-04:00,112.59785365471805,113.33463880743855,111.91086154771256,112.03033447265625,961200,0.0,0.0
2024-10-17 00:00:00-04:00,112.41865115221204,112.91149219017423,111.6022122687321,112.53812408447266,1190500,0.0,0.0
2024-10-18 00:00:00-04:00,112.59786147123411,113.19525652219595,111.59226216758185,113.10564422607422,3872200,0.0,0.0
2024-10-21 00:00:00-04:00,112.37881529261155,113.19524651439106,111.84912516220554,112.57794189453125,960700,0.0,0.0
2024-10-22 00:00:00-04:00,111.67190513983181,112.03033150134966,110.77582024555495,111.30351257324219,875600,0.0,0.0
2024-10-23 00:00:00-04:00,111.4229965992477,112.57794459119462,109.74432907200627,110.44725799560547,1426400,0.0,0.0
2024-10-24 00:00:00-04:00,114.0515004198257,114.49953905591525,105.17031300864306,105.32962036132812,2922200,0.0,0.0
2024-10-25 00:00:00-04:00,105.93697804416801,106.5144558671084,103.22284291101914,103.59720611572266,1538000,0.0,0.0
2024-10-28 00:00:00-04:00,104.26428463331271,104.71232330165422,103.48269712080051,103.54741668701172,1298500,0.0,0.0
2024-10-29 00:00:00-04:00,103.14914898168514,103.3383245649299,102.08380574271443,103.03962707519531,1472500,0.0,0.0
2024-10-30 00:00:00-04:00,102.73098924233393,103.53746191370529,102.13360179701466,102.79072570800781,1106100,0.0,0.0
2024-10-31 00:00:00-04:00,102.55177297000921,103.18898726232156,101.72538307347511,101.74530029296875,1117500,0.0,0.0
2024-11-01 00:00:00-04:00,102.46216644254318,102.7409467409311,100.73969160437004,101.14790344238281,1117800,0.0,0.0
2024-11-04 00:00:00-05:00,101.62581894363312,102.33272830607551,101.27734356724511,101.9842529296875,960900,0.0,0.0
2024-11-05 00:00:00-05:00,103.52749593641451,105.2400043398198,102.53682331208415,103.15910339355469,1228100,0.0,0.0
2024-11-06 00:00:00-05:00,105.24001487382137,105.31966855530871,101.44659754825636,102.54180908203125,1879200,0.0,0.0
2024-11-07 00:00:00-05:00,102.56172042819044,104.14978047952442,102.54678631329078,103.84610748291016,1406500,0.0,0.0
2024-11-08 00:00:00-05:00,104.41363424319684,105.9071066114895,104.14480496303592,105.0906753540039,1208400,0.0,0.0
2024-11-11 00:00:00-05:00,105.46901385725998,105.53870892723214,103.5971979807272,103.93571472167969,1076200,0.0,0.0
2024-11-12 00:00:00-05:00,104.52315840103653,105.37940892206886,103.19894438297881,103.29850769042969,867700,0.0,0.0
2024-11-13 00:00:00-05:00,102.61149838120599,104.85170677269612,102.53185230039283,104.38375091552734,1103900,0.0,0.0
2024-11-14 00:00:00-05:00,103.69676813509204,104.49328218796344,101.47149365906789,102.66129302978516,1320100,0.0,0.0
2024-11-15 00:00:00-05:00,102.00416710028932,102.52190847931315,101.65569170836588,102.23316955566406,1135600,0.0,0.0
2024-11-18 00:00:00-05:00,101.87472992983253,102.75089766632915,101.74529839031851,102.39246368408203,1158900,0.0,0.0
2024-11-19 00:00:00-05:00,101.8249388476605,103.82619387184565,101.79507061682375,103.52750396728516,1531200,0.0,0.0
2024-11-20 00:00:00-05:00,104.02532464573402,104.76210216815421,102.80564955464625,104.65258026123047,1374300,0.0,0.0
2024-11-21 00:00:00-05:00,104.43353918804176,105.95687972007656,103.42793237816662,105.54866790771484,1317000,0.0,0.0
2024-11-22 00:00:00-05:00,105.69801787853126,106.9724463750603,105.0458619185826,105.94692993164062,1748600,0.0,0.0
2024-11-25 00:00:00-05:00,106.26554998652767,108.08758066389241,105.94694282362622,108.0079345703125,4014700,0.0,0.0
2024-11-26 00:00:00-05:00,108.30661989351002,108.4848417883956,107.46032036528996,107.49018859863281,1369000,0.0,0.0
2024-11-27 00:00:00-05:00,107.6893129178124,108.29665133108729,107.3806568105169,107.50013732910156,675100,0.0,0.0
2024-11-29 00:00:00-05:00,107.58973812326795,108.07262809028887,107.29104823191622,107.71917724609375,586300,0.0,0.0
2024-12-02 00:00:00-05:00,107.53001840914348,107.53001840914348,105.1205513012103,106.16597747802734,1060900,0.0,0.0
2024-12-03 00:00:00-05:00,106.18588521904556,107.26118713023124,105.0309296263958,106.81314086914062,1053500,0.0,0.0
2024-12-04 00:00:00-05:00,106.69366713437427,107.48022254524206,106.45470609179338,107.05209350585938,1085300,0.0,0.0
2024-12-05 00:00:00-05:00,106.46466484707568,106.87287666870704,104.63266816574001,104.83180236816406,1075100,0.0,0.0
2024-12-06 00:00:00-05:00,105.15041925183613,106.21576264602105,104.79198525041001,106.06641387939453,1003400,0.0,0.0
2024-12-09 00:00:00-05:00,106.56423409915021,106.68371462727465,104.92141291935846,106.28545379638672,1050900,0.0,0.0
2024-12-10 00:00:00-05:00,106.06639972044522,106.69366293730363,104.304105778846,105.92700958251953,716400,0.0,0.0
2024-12-11 00:00:00-05:00,106.22571311848829,106.78327370190756,104.36384817572291,104.89154052734375,1183000,0.0,0.0
2024-12-12 00:00:00-05:00,104.54305739887914,106.09626610659512,104.1049697751879,105.32962036132812,859400,0.0,0.0
2024-12-13 00:00:00-05:00,105.05083596952794,105.29974800118984,103.74653175820869,103.76644897460938,756300,0.0,0.0
2024-12-16 00:00:00-05:00,104.11493735258944,105.4789781917358,103.48768168879161,103.77642059326172,1247200,0.0,0.0
2024-12-17 00:00:00-05:00,103.23877570804945,104.015380174559,102.15351509998816,103.00977325439453,2706400,0.0,0.0
2024-12-18 00:00:00-05:00,103.02968302307674,103.28854609572905,100.71977941448395,100.78947448730469,2211700,0.0,0.0
2024-12-19 00:00:00-05:00,100.62021641605833,102.07386204633563,99.56483163154596,100.88904571533203,1738600,0.0,0.0
2024-12-20 00:00:00-05:00,100.91890297018045,104.08506457545577,100.85916650848245,103.79632568359375,4807300,0.0,0.0
2024-12-23 00:00:00-05:00,102.651330699556,103.53745701402086,101.75524577588561,102.44224548339844,949100,0.0,0.0
2024-12-24 00:00:00-05:00,102.40241285354139,103.03962707519531,101.88467914701985,103.03962707519531,277500,0.0,0.0
2024-12-26 00:00:00-05:00,102.41237717321052,103.62706922478583,102.30285526061319,103.41798400878906,580100,0.0,0.0
2024-12-27 00:00:00-05:00,102.45220556114558,103.21885136471236,101.9942082816365,102.67124938964844,608800,0.0,0.0
2024-12-30 00:00:00-05:00,101.91455354769727,102.05394369236211,100.65107873777336,101.56607818603516,528600,0.0,0.0
2024-12-31 00:00:00-05:00,101.84514811030712,102.21393832771093,101.00690072913184,101.51622772216797,644000,0.11,0.0
2025-01-02 00:00:00-05:00,102.21394444673079,102.21394444673079,99.82180777839307,100.26036071777344,1315200,0.0,0.0
2025-01-03 00:00:00-05:00,99.96134993021992,100.86338302263074,99.47295779263702,100.46968078613281,903000,0.0,0.0
2025-01-06 00:00:00-05:00,100.36003246080863,101.07767417428099,99.66232185964724,100.83845520019531,1180400,0.0,0.0
2025-01-07 00:00:00-05:00,100.67899241922133,101.62488005254406,99.99125111540577,101.31689453125,1313500,0.0,0.0
2025-01-08 00:00:00-05:00,101.31689705816154,101.71558778922133,99.871644108619,101.6657485961914,1034900,0.0,0.0
2025-01-10 00:00:00-05:00,100.55938475359169,100.88432047282458,99.5028607871198,99.77197265625,1272100,0.0,0.0
2025-01-13 00:00:00-05:00,99.7919166746314,101.02785115428995,99.443057516027,100.8085708618164,1370200,0.0,0.0
2025-01-14 00:00:00-05:00,100.48961454667845,102.15414016460095,100.15073237007331,102.03453826904297,996100,0.0,0.0
2025-01-15 00:00:00-05:00,103.85853804842694,104.43663923847468,102.00463257992439,102.21395111083984,1718100,0.0,0.0
2025-01-16 00:00:00-05:00,102.37342492162111,104.1176902824405,101.6856835745207,103.70903778076172,1369700,0.0,0.0
2025-01-17 00:00:00-05:00,103.90837346782136,104.09276479068942,102.56279892940444,102.60266876220703,1372700,0.0,0.0
2025-01-21 00:00:00-05:00,102.47309314339533,103.21067366696657,101.72555086460338,102.7521743774414,1761300,0.0,0.0
2025-01-22 00:00:00-05:00,102.82195063803547,103.08608163061268,102.09433948577069,102.37342071533203,1190400,0.0,0.0
2025-01-23 00:00:00-05:00,102.41329457317093,103.35021668442386,101.76542306229165,102.93158721923828,1680100,0.0,0.0
2025-01-24 00:00:00-05:00,102.52292807639121,102.772108825633,100.97800438933496,101.41656494140625,1441500,0.0,0.0
2025-01-27 00:00:00-05:00,101.60593849541468,103.04121435178986,101.4265280628187,102.94154357910156,2060300,0.0,0.0
2025-01-28 00:00:00-05:00,102.98142117781043,104.13762352051593,102.26377939328881,103.11099243164062,1265900,0.0,0.0
2025-01-29 00:00:00-05:00,103.05119369122598,103.6591953492219,102.29368205752078,102.5129623413086,891700,0.0,0.0
2025-01-30 00:00:00-05:00,103.29040142565098,104.05788239168308,102.65249931602048,103.50968170166016,881500,0.0,0.0
2025-01-31 00:00:00-05:00,103.3302744683896,104.35689797033477,103.01132340366495,103.05119323730469,994900,0.0,0.0
2025-02-03 00:00:00-05:00,101.68566815466984,102.25379991043674,100.16068331573723,100.83845520019531,1484400,0.0,0.0
2025-02-04 00:00:00-05:00,101.8650970428549,103.04123059653988,100.46969079644367,100.64910125732422,2065500,0.0,0.0
2025-02-05 00:00:00-05:00,100.36003803379708,101.66574268785304,95.20697451233897,95.49602508544922,2627800,0.0,0.0
2025-02-06 00:00:00-05:00,95.69537914252525,98.16724797012874,95.3166195286555,98.11741638183594,2281000,0.0,0.0
2025-02-07 00:00:00-05:00,98.00777563778432,98.9048278698544,96.37315050574243,98.48619842529297,2183000,0.0,0.0
2025-02-10 00:00:00-05:00,98.93472558240809,100.05105045836875,98.16724462579225,99.45301818847656,1461500,0.0,0.0
2025-02-11 00:00:00-05:00,99.2736068732443,99.79190707914348,97.95793284930514,99.48291778564453,938500,0.0,0.0
2025-02-12 00:00:00-05:00,98.48620521834474,100.180639018993,98.17722349658378,99.73210906982422,1205900,0.0,0.0
2025-02-13 00:00:00-05:00,99.9414112019419,100.22050002778303,98.22705404098988,99.4231185913086,1576400,0.0,0.0
2025-02-14 00:00:00-05:00,99.66233026992613,99.66233026992613,97.65892252254378,97.66888427734375,974500,0.0,0.0
2025-02-18 00:00:00-05:00,97.57918548583984,98.05760827848468,96.67216388467786,97.57918548583984,2388300,0.0,0.0
2025-02-19 00:00:00-05:00,97.34993206914785,97.79846197479976,96.50271905321807,97.35990142822266,1195600,0.0,0.0
2025-02-20 00:00:00-05:00,97.09079094786956,97.59911420201426,96.33327933967126,97.39977264404297,1114800,0.0,0.0
2025-02-21 00:00:00-05:00,97.01104897595546,98.00777195089536,96.28343785831649,97.82836151123047,2816500,0.0,0.0
2025-02-24 00:00:00-05:00,98.27688147461375,99.95137633692767,97.62203680736292,99.7420654296875,1592900,0.0,0.0
2025-02-25 00:00:00-05:00,100.29027469649851,101.91493050883777,99.07427137494687,100.32017517089844,1990600,0.0,0.0
2025-02-26 00:00:00-05:00,100.81852545263321,101.12750712618605,99.06429097422004,99.3932113647461,1237700,0.0,0.0
2025-02-27 00:00:00-05:00,99.06429451286793,100.41983834855468,98.665603807479,98.83505249023438,847800,0.0,0.0
2025-02-28 00:00:00-05:00,99.2237792891185,100.15073199821683,98.6257393959765,99.43309020996094,1947800,0.0,0.0
2025-03-03 00:00:00-05:00,99.48292368568467,101.10259861749032,98.65564934600897,99.54273223876953,1009600,0.0,0.0
2025-03-04 00:00:00-05:00,99.12409338073738,100.42980560364455,98.4293788904888,98.55596160888672,1281500,0.0,0.0
2025-03-05 00:00:00-05:00,97.67885061805289,99.28357520084374,97.32202209302338,98.29682159423828,1427100,0.0,0.0
2025-03-06 00:00:00-05:00,97.9081095354247,98.23702236590479,96.83164680550769,97.62902069091797,1175100,0.0,0.0
2025-03-07 00:00:00-05:00,97.26023096292437,99.94141062879791,96.98114974307667,99.79190826416016,1444800,0.0,0.0
2025-03-10 00:00:00-04:00,99.43308889566413,102.10430684753474,98.6855466435107,100.001220703125,1437300,0.0,0.0
2025-03-11 00:00:00-04:00,100.26035840514142,100.26035840514142,96.60238698491514,96.67215728759766,2197400,0.0,0.0
2025-03-12 00:00:00-04:00,96.94127624690681,97.44959947624767,95.04750112101506,95.11727142333984,1373900,0.0,0.0
2025-03-13 00:00:00-04:00,94.66875564867831,95.55583852684448,94.04081528017446,95.41629791259766,1368100,0.0,0.0
2025-03-14 00:00:00-04:00,96.4628565357046,97.99781096072105,95.79903861269513,97.62902069091797,2056800,0.0,0.0
2025-03-17 00:00:00-04:00,97.35989940552678,98.81511402010828,97.09078755124085,98.12737274169922,1189300,0.0,0.0
2025-03-18 00:00:00-04:00,97.85826350773644,98.19714567438491,97.01105048672231,98.03767395019531,1315800,0.0,0.0
2025-03-19 00:00:00-04:00,98.12737213374936,99.4231150203836,98.00478171932497,98.93472290039062,1021200,0.0,0.0
2025-03-20 00:00:00-04:00,98.7951894369674,98.9546611674277,97.63898707245906,97.81839752197266,1061800,0.0,0.0
2025-03-21 00:00:00-04:00,97.1107180642472,97.47451981454539,95.7153044027128,97.44960021972656,2879700,0.0,0.0
2025-03-24 00:00:00-04:00,98.23701587566548,99.45301914530124,97.62901424084758,97.93800354003906,1094000,0.0,0.0
2025-03-25 00:00:00-04:00,98.3067857345478,98.50613489511953,96.52265067049362,97.42967224121094,1201900,0.0,0.0
2025-03-26 00:00:00-04:00,97.68882549208566,98.72541834724491,97.05092336650968,97.40974426269531,1489900,0.0,0.0
2025-03-27 00:00:00-04:00,97.69878511961338,98.35164507234056,96.84161033560628,97.5692138671875,947700,0.0,0.0
2025-03-28 00:00:00-04:00,97.37983703806377,97.90810663191894,95.61564062001233,95.72528076171875,834900,0.0,0.0
2025-03-31 00:00:00-04:00,95.70532052196593,97.87068766158828,95.29619185551735,97.24202728271484,2346400,0.11,0.0
2025-04-01 00:00:00-04:00,96.84289122585031,97.89064588095668,96.55350919355058,97.41167449951172,1380100,0.0,0.0
2025-04-02 00:00:00-04:00,96.93269925723553,98.56919883122855,96.22421533546772,98.46941375732422,790900,0.0,0.0
2025-04-03 00:00:00-04:00,96.94267985931064,97.9305650313273,93.52998009189811,93.69961547851562,1780500,0.0,0.0
2025-04-04 00:00:00-04:00,92.62191091808126,92.62191091808126,88.4907467731808,88.63044738769531,2531500,0.0,0.0
2025-04-07 00:00:00-04:00,87.6325866881768,89.77799998527341,83.82073909572888,86.92410278320312,2395200,0.0,0.0
2025-04-08 00:00:00-04:00,89.36887377240602,89.80793723508488,84.06022712036776,85.13792419433594,2034200,0.0,0.0
2025-04-09 00:00:00-04:00,84.69886161386451,91.60409997916292,83.68602825354617,90.9355239868164,2080600,0.0,0.0
2025-04-10 00:00:00-04:00,89.7380824716442,90.34179470288952,86.37527158121613,88.51070404052734,1722700,0.0,0.0
2025-04-11 00:00:00-04:00,88.54064899896758,90.35676472150877,87.38312084390618,89.42874908447266,2132300,0.0,0.0
2025-04-14 00:00:00-04:00,90.3367993042816,91.10516031568869,89.69816573312158,90.48648071289062,1235500,0.0,0.0
2025-04-15 00:00:00-04:00,90.10729114189819,90.92554085109745,89.79794754515936,89.8677978515625,1212900,0.0,0.0
2025-04-16 00:00:00-04:00,89.74806498168597,90.53138578491094,88.71028349164689,89.13936614990234,1493700,0.0,0.0
2025-04-17 00:00:00-04:00,89.73808986120935,90.1771533382701,89.03958670507943,89.34892272949219,1691500,0.0,0.0
2025-04-21 00:00:00-04:00,88.2712138838127,88.61049223818974,86.14576232294566,87.01390075683594,1571200,0.0,0.0
2025-04-22 00:00:00-04:00,87.94192277370097,89.4886180298545,87.16358855663225,88.98968505859375,1478800,0.0,0.0
2025-04-23 00:00:00-04:00,90.36673129499488,91.84357614125467,89.60037255570282,90.35675811767578,1672800,0.0,0.0
2025-04-24 00:00:00-04:00,90.25697198374758,91.75876510841888,89.80793535223162,91.54421997070312,1455600,0.0,0.0
2025-04-25 00:00:00-04:00,90.97543244335687,92.25269957961055,90.32681808454011,92.11299896240234,1418300,0.0,0.0
2025-04-28 00:00:00-04:00,92.39240685403448,92.80153555756108,90.78584964038171,91.87351989746094,1172200,0.0,0.0
2025-04-29 00:00:00-04:00,91.72383323826952,93.03104276609673,91.39453565860302,92.8913345336914,1922700,0.0,0.0
2025-04-30 00:00:00-04:00,91.55419793704039,95.86497839641794,88.08162119412744,95.69534301757812,3141100,0.0,0.0
2025-05-01 00:00:00-04:00,96.08949105255715,96.68322245668163,93.33638408123683,94.00894165039062,1421200,0.0,0.0
2025-05-02 00:00:00-04:00,95.03675168669939,95.7851511550297,94.39811808277324,95.32613372802734,1207600,0.0,0.0
2025-05-05 00:00:00-04:00,94.95692633820813,95.9647654543998,94.41308361589581,95.48579406738281,1262100,0.0,0.0
2025-05-06 00:00:00-04:00,94.97687797163233,96.24416433227695,94.67751515227363,95.156494140625,1157300,0.0,0.0
2025-05-07 00:00:00-04:00,96.51359387939675,97.83077660126713,95.28621543685004,95.88493347167969,1500500,0.0,0.0
2025-05-08 00:00:00-04:00,96.51359284659421,98.19998868490111,95.94480957762572,97.07239532470703,1145800,0.0,0.0
2025-05-09 00:00:00-04:00,97.09236043703297,98.00041449698628,96.63333539833394,96.85286712646484,1427900,0.0,0.0
2025-05-12 00:00:00-04:00,98.64902636892013,100.23562954204044,97.7808802698029,100.11589050292969,1329700,0.0,0.0
2025-05-13 00:00:00-04:00,100.23563429801156,100.74454807771771,99.22779514314955,100.03606414794922,1456200,0.0,0.0
2025-05-14 00:00:00-04:00,100.03605667537126,100.13584174294859,98.88850936545019,99.24774169921875,1482200,0.0,0.0
2025-05-15 00:00:00-04:00,99.32757422413283,100.79443833922225,98.86656218065444,100.71460723876953,970400,0.0,0.0
2025-05-16 00:00:00-04:00,100.77447965463,101.542840695629,100.18275044796722,101.48296356201172,691600,0.0,0.0
2025-05-19 00:00:00-04:00,101.00399263889304,102.33115617903816,100.80940908324116,101.971923828125,832200,0.0,0.0
2025-05-20 00:00:00-04:00,101.82223819283651,102.4409177966808,101.45302506605825,101.80227661132812,1020600,0.0,0.0
2025-05-21 00:00:00-04:00,101.20355881416548,101.67255701019111,99.84646056685789,100.27554321289062,1063400,0.0,0.0
2025-05-22 00:00:00-04:00,99.88638416403529,101.11376268258226,99.63691766631636,100.76451110839844,1096000,0.0,0.0
2025-05-23 00:00:00-04:00,99.73669932854756,100.68467655529588,99.18787762022146,100.24561309814453,1065200,0.0,0.0
2025-05-27 00:00:00-04:00,101.24347985097762,101.43806340954285,99.97619342575251,101.2734146118164,1387000,0.0,0.0
2025-05-28 00:00:00-04:00,101.18360887988474,101.43307536745196,100.34041093380948,100.54497528076172,882200,0.0,0.0
2025-05-29 00:00:00-04:00,100.93413676381698,101.05887000064494,99.88637452921698,101.02394104003906,1037600,0.0,0.0
2025-05-30 00:00:00-04:00,101.4530256658594,101.50292200681267,100.08595423584751,100.81439208984375,3079300,0.0,0.0
2025-06-02 00:00:00-04:00,100.33541467725672,100.69963358233998,99.28765248518324,100.06598663330078,1100800,0.0,0.0
2025-06-03 00:00:00-04:00,99.67682243461111,100.46513739568178,99.41737517338359,100.14582061767578,775600,0.0,0.0
2025-06-04 00:00:00-04:00,100.18573770136324,100.18573770136324,98.69891964472477,98.70889282226562,980500,0.0,0.0
2025-06-05 00:00:00-04:00,99.27767448609774,99.85643852490728,98.4195092183767,99.45729064941406,866900,0.0,0.0
2025-06-06 00:00:00-04:00,100.13584611744284,100.47512449776256,99.4123948295119,100.05601501464844,487000,0.0,0.0
2025-06-09 00:00:00-04:00,100.28552105887303,100.28552105887303,99.10803901455282,99.50718688964844,693300,0.0,0.0
2025-06-10 00:00:00-04:00,99.78658913321117,100.15679957147181,99.08808605452371,99.74667358398438,600900,0.0,0.0
2025-06-11 00:00:00-04:00,99.65687308397192,99.75665815426339,97.82079581553491,98.00041198730469,884800,0.0,0.0
2025-06-12 00:00:00-04:00,97.80084220565548,98.53926086425781,97.23704551742588,98.53926086425781,1240600,0.0,0.0
2025-06-13 00:00:00-04:00,97.80084224701564,98.64902676763398,96.84787845363904,97.11231231689453,825500,0.0,0.0
2025-06-16 00:00:00-04:00,97.60126196859724,97.99042906344219,96.74309667916664,97.57132720947266,841100,0.0,0.0
2025-06-17 00:00:00-04:00,97.4016986825017,98.01039753788625,96.78301903566947,97.23206329345703,1031100,0.0,0.0
2025-06-18 00:00:00-04:00,97.0823766542216,97.71102944558659,96.64331321148953,96.82292938232422,806100,0.0,0.0
2025-06-20 00:00:00-04:00,97.14224683376077,97.79086121135663,96.37389341686976,96.52357482910156,3237100,0.0,0.0
2025-06-23 00:00:00-04:00,96.50360658432757,98.40953403472315,96.25414011886923,98.2398910522461,1556700,0.0,0.0
2025-06-24 00:00:00-04:00,98.57917158368855,100.205690233719,98.22992004694734,100.0959243774414,1490300,0.0,0.0
2025-06-25 00:00:00-04:00,99.78659477959603,100.3952936168006,99.19785752469065,99.95623016357422,1342200,0.0,0.0
2025-06-26 00:00:00-04:00,99.9163125726704,101.61767580608266,99.71674243242988,100.90420532226562,1469800,0.0,0.0
2025-06-27 00:00:00-04:00,101.27341094482533,101.69252042073227,100.61482339087932,100.85430908203125,2287500,0.0,0.0
2025-06-30 00:00:00-04:00,101.03412575090054,101.66346352140351,100.28990287531055,100.84432220458984,1543000,0.11,0.0
2025-07-01 00:00:00-04:00,100.55462792583337,103.07198651513447,100.28989832889187,102.49259185791016,1055900,0.0,0.0
2025-07-02 00:00:00-04:00,102.39270232066248,103.32172909535505,101.79832395118068,102.72235870361328,910300,0.0,0.0
2025-07-03 00:00:00-04:00,103.62141223013715,103.82119980892728,102.15294989966618,103.64138793945312,478700,0.0,0.0
2025-07-07 00:00:00-04:00,103.56147501276814,103.9410821013299,102.02208778658195,102.61247253417969,714800,0.0,0.0
2025-07-08 00:00:00-04:00,102.05305729635535,103.92109480611732,101.86325375931348,102.2228775024414,933200,0.0,0.0
2025-07-09 00:00:00-04:00,102.41267715158872,102.4426521491152,101.45368300875612,102.2628402709961,833100,0.0,0.0
2025-07-10 00:00:00-04:00,102.11299030501861,103.97104373902395,101.9281864145711,103.02203369140625,1147800,0.0,0.0
2025-07-11 00:00:00-04:00,102.64243687710837,102.64243687710837,101.41372114063451,101.82329559326172,734600,0.0,0.0
2025-07-14 00:00:00-04:00,101.6235083653047,102.33775621674584,101.2119371024091,102.09300994873047,849200,0.0,0.0
2025-07-15 00:00:00-04:00,101.95316086314845,102.42267008523825,100.81435482810038,100.84432220458984,895500,0.0,0.0
2025-07-16 00:00:00-04:00,100.86430269944881,100.89427007509538,99.46576673848276,100.40478515625,1256500,0.0,0.0
2025-07-17 00:00:00-04:00,100.36482544071472,102.99206951398801,100.0951038188919,102.87220001220703,1155400,0.0,0.0
2025-07-18 00:00:00-04:00,102.74233422298417,103.46158174029989,102.20789822865609,103.23181915283203,1863900,0.0,0.0
2025-07-21 00:00:00-04:00,103.29175562152263,103.75127314877898,101.95315445829105,102.00310516357422,1708000,0.0,0.0
2025-07-22 00:00:00-04:00,102.12298230160307,103.12193543618376,101.39374315993983,102.43265533447266,895700,0.0,0.0
2025-07-23 00:00:00-04:00,102.37272698063806,102.89217928965172,101.08407644195599,101.70342254638672,1432500,0.0,0.0
2025-07-24 00:00:00-04:00,101.88322931400617,103.28176524388826,100.9971568362321,103.1618881225586,1450800,0.0,0.0
2025-07-25 00:00:00-04:00,103.31173546409354,103.53850283431886,102.64243866640427,103.17188262939453,1019400,0.0,0.0
2025-07-28 00:00:00-04:00,102.40269433128434,103.50154132341108,101.68344681020996,102.99207305908203,2086400,0.0,0.0
2025-07-29 00:00:00-04:00,104.89008419864697,106.1887263849077,102.12298723558789,104.92005157470703,2225100,0.0,0.0
2025-07-30 00:00:00-04:00,106.52836608821787,106.88798984132185,104.64034519512585,105.66926574707031,2071400,0.0,0.0
2025-07-31 00:00:00-04:00,104.8800891611019,106.74314227462608,104.40059591674003,104.72026062011719,1963500,0.0,0.0
2025-08-01 00:00:00-04:00,104.35064538364156,104.72026079373106,103.28176581544517,104.64034271240234,1297900,0.0,0.0
2025-08-04 00:00:00-04:00,104.76021883855522,106.94792103892658,104.32067701683329,106.8380355834961,1083000,0.0,0.0
2025-08-05 00:00:00-04:00,106.81806360062309,107.28757281358628,106.1387751349034,106.44844818115234,1324100,0.0,0.0
2025-08-06 00:00:00-04:00,106.68820419880727,107.62721501888304,105.84907955247093,107.36749267578125,1081800,0.0,0.0
2025-08-07 00:00:00-04:00,108.17663642468234,108.39640733486594,106.90796166913434,107.42742156982422,802000,0.0,0.0
2025-08-08 00:00:00-04:00,107.4473969264576,108.07674228017319,107.31753576241526,107.58724975585938,523000,0.0,0.0
2025-08-11 00:00:00-04:00,107.70712810610046,108.32648180153039,106.96790491061854,107.02783966064453,1203300,0.0,0.0
2025-08-12 00:00:00-04:00,107.36748879018737,108.82595948650122,106.89797958643685,108.69609069824219,1074200,0.0,0.0
2025-08-13 00:00:00-04:00,108.89588574579057,109.6950436983054,106.98788155821907,109.6351089477539,1211200,0.0,0.0
2025-08-14 00:00:00-04:00,109.17558830568156,109.17558830568156,107.25760012849732,107.55728149414062,957200,0.0,0.0
2025-08-15 00:00:00-04:00,107.67715948386144,107.75707756390884,106.92794463158415,107.15769958496094,1130100,0.0,0.0
2025-08-18 00:00:00-04:00,107.38746536059026,108.14667190085466,106.49839765243381,106.57831573486328,998800,0.0,0.0
2025-08-19 00:00:00-04:00,106.78809095941905,108.2665373215899,106.56832005172696,107.98683166503906,977100,0.0,0.0
2025-08-20 00:00:00-04:00,108.38641554510625,109.1256387337239,108.08672655494382,108.79598999023438,1264100,0.0,0.0
2025-08-21 00:00:00-04:00,108.5062974435742,108.91586428533017,107.9368944343178,108.35645294189453,646600,0.0,0.0
2025-08-22 00:00:00-04:00,108.88589158962539,109.99473017791125,108.3464559827776,109.03573608398438,1108500,0.0,0.0
2025-08-25 00:00:00-04:00,108.83594530866054,109.18558501684723,106.88798966703015,107.03783416748047,556100,0.0,0.0
2025-08-26 00:00:00-04:00,106.94792069337963,107.5672743836769,106.47841149831319,106.99787139892578,1167900,0.0,0.0
2025-08-27 00:00:00-04:00,107.05781129596419,107.70713239224649,106.69818753868192,107.25760650634766,597100,0.0,0.0
2025-08-28 00:00:00-04:00,107.26758769578072,107.30754673679385,106.03887957560956,106.38851165771484,523100,0.0,0.0
2025-08-29 00:00:00-04:00,106.25865404295273,106.68820422144519,105.819112198521,106.07884216308594,716500,0.0,0.0
2025-09-02 00:00:00-04:00,105.54939161386166,105.85906464601474,104.28071686789126,105.16978454589844,887700,0.0,0.0
2025-09-03 00:00:00-04:00,104.6703093870452,105.42951591177152,103.89112715282424,104.96000671386719,1030300,0.0,0.0
2025-09-04 00:00:00-04:00,105.45948280437251,106.4884033203125,104.77020269814149,106.4884033203125,1088500,0.0,0.0
2025-09-05 00:00:00-04:00,106.66821426366285,106.9079608814569,105.3495964336842,105.59933471679688,965200,0.0,0.0
2025-09-08 00:00:00-04:00,105.59933687611974,106.83803665169377,104.90007271766852,106.78809356689453,910300,0.0,0.0
2025-09-09 00:00:00-04:00,106.3585465968533,106.57831751650431,104.65033756875859,104.92005157470703,866100,0.0,0.0
2025-09-10 00:00:00-04:00,104.89008015362135,105.93898400372063,104.71026828278742,105.8990249633789,924500,0.0,0.0
2025-09-11 00:00:00-04:00,106.36853407956501,109.16559830868518,106.36853407956501,108.98578643798828,1188900,0.0,0.0
2025-09-12 00:00:00-04:00,109.3354215398778,109.74499599834782,108.38142705364653,108.91586303710938,1253200,0.0,0.0
2025-09-15 00:00:00-04:00,109.02575029042141,109.41034940166095,107.6372059693004,107.6871566772461,1592600,0.0,0.0
2025-09-16 00:00:00-04:00,107.48736237527706,107.93689588636354,105.8900371902653,106.42847442626953,1651700,0.0,0.0
2025-09-17 00:00:00-04:00,106.86801199634995,108.47631956602628,106.14876450451014,106.62825775146484,2808400,0.0,0.0
2025-09-18 00:00:00-04:00,107.49734903375018,107.84698111181427,106.66821609047841,106.94792175292969,1490800,0.0,0.0
2025-09-19 00:00:00-04:00,107.4773660598228,107.88694051077832,106.3085927000939,106.78809356689453,3165200,0.0,0.0
2025-09-22 00:00:00-04:00,106.51837049013925,106.95292028825232,105.58435174382936,105.70922088623047,1353100,0.0,0.0
2025-09-23 00:00:00-04:00,105.68924516062039,106.1187953152705,104.56042323578696,105.27967071533203,879100,0.0,0.0
2025-09-24 00:00:00-04:00,104.88008741298394,105.57935917968395,104.23076635155093,105.51941680908203,1548300,0.0,0.0
2025-09-25 00:00:00-04:00,105.88903666424669,106.53835775297884,103.95106506380523,104.380615234375,1127600,0.0,0.0
2025-09-26 00:00:00-04:00,104.55044466325008,105.09986434563875,103.2118434237309,104.52046966552734,1132300,0.0,0.0
2025-09-29 00:00:00-04:00,104.46053296861129,105.67925705877988,104.24576169474787,104.97000122070312,1292700,0.0,0.0
2025-09-30 00:00:00-04:00,104.62000274658203,106.66000366210938,104.62000274658203,106.61000061035156,1652600,0.11,0.0
2025-10-01 00:00:00-04:00,105.95999908447266,106.33000183105469,104.84500122070312,106.04000091552734,1845000,0.0,0.0
2025-10-02 00:00:00-04:00,106.4800033569336,106.91000366210938,105.55000305175781,106.45999908447266,1221900,0.0,0.0
2025-10-03 00:00:00-04:00,106.22000122070312,107.9000015258789,106.01000213623047,107.13999938964844,1134500,0.0,0.0
2025-10-06 00:00:00-04:00,107.01499938964844,107.35900115966797,105.5,106.0999984741211,1084200,0.0,0.0
2025-10-07 00:00:00-04:00,106.12000274658203,106.55000305175781,99.88999938964844,104.83999633789062,2437200,0.0,0.0
2025-10-08 00:00:00-04:00,105.20999908447266,105.20999908447266,103.69999694824219,104.0,1118000,0.0,0.0
2025-10-09 00:00:00-04:00,103.77999877929688,104.22000122070312,102.4800033569336,102.87000274658203,1288400,0.0,0.0
2025-10-10 00:00:00-04:00,102.87000274658203,103.2249984741211,101.4000015258789,101.87000274658203,1883100,0.0,0.0
2025-10-13 00:00:00-04:00,102.16999816894531,102.74500274658203,101.44000244140625,101.44000244140625,1093900,0.0,0.0
2025-10-14 00:00:00-04:00,101.04000091552734,102.16000366210938,100.81999969482422,101.98999786376953,1453200,0.0,0.0
2025-10-15 00:00:00-04:00,102.31999969482422,102.71499633789062,100.8949966430664,101.87000274658203,1014800,0.0,0.0
2025-10-16 00:00:00-04:00,102.0,102.13500213623047,100.87000274658203,101.91000366210938,1189700,0.0,0.0
2025-10-17 00:00:00-04:00,102.08999633789062,102.9000015258789,101.802001953125,102.76000213623047,1075100,0.0,0.0
2025-10-20 00:00:00-04:00,102.91000366210938,104.22000122070312,102.73999786376953,103.9800033569336,902700,0.0,0.0
2025-10-21 00:00:00-04:00,103.94999694824219,105.62999725341797,103.48999786376953,103.79000091552734,1347300,0.0,0.0
2025-10-22 00:00:00-04:00,103.87999725341797,104.79000091552734,103.27999877929688,103.80000305175781,1000000,0.0,0.0
2025-10-23 00:00:00-04:00,103.70999908447266,105.16000366210938,103.31999969482422,104.87000274658203,1245100,0.0,0.0
2025-10-24 00:00:00-04:00,105.30999755859375,105.75,104.18000030517578,104.6500015258789,919900,0.0,0.0
2025-10-27 00:00:00-04:00,104.56999969482422,105.20999908447266,103.80000305175781,104.12000274658203,1032900,0.0,0.0
2025-10-28 00:00:00-04:00,103.58000183105469,103.6500015258789,102.19000244140625,102.52999877929688,1421900,0.0,0.0
2025-10-29 00:00:00-04:00,101.86000061035156,102.49500274658203,95.83999633789062,99.5,3095800,0.0,0.0
2025-10-30 00:00:00-04:00,99.55000305175781,100.73999786376953,99.41000366210938,100.37999725341797,2112200,0.0,0.0
2025-10-31 00:00:00-04:00,99.81999969482422,100.12000274658203,98.63999938964844,98.68000030517578,2074800,0.0,0.0
2025-11-03 00:00:00-05:00,98.05999755859375,99.25,97.16000366210938,98.94000244140625,2036800,0.0,0.0
2025-11-04 00:00:00-05:00,99.47000122070312,99.93000030517578,98.47000122070312,99.62999725341797,1442100,0.0,0.0
2025-11-05 00:00:00-05:00,99.91000366210938,100.29000091552734,99.02999877929688,99.91999816894531,1902300,0.0,0.0
2025-11-06 00:00:00-05:00,99.56999969482422,100.5999984741211,98.30000305175781,98.5199966430664,1383700,0.0,0.0
2025-11-07 00:00:00-05:00,98.75,99.18000030517578,97.87000274658203,98.61000061035156,1669900,0.0,0.0
2025-11-10 00:00:00-05:00,98.76000213623047,99.0,97.69000244140625,98.26000213623047,1526900,0.0,0.0
2025-11-11 00:00:00-05:00,98.26000213623047,98.58999633789062,97.66000366210938,97.88999938964844,1735900,0.0,0.0
2025-11-12 00:00:00-05:00,98.11000061035156,98.75,97.51000213623047,97.7300033569336,1540500,0.0,0.0
2025-11-13 00:00:00-05:00,97.55999755859375,99.25,97.01000213623047,98.55999755859375,2049300,0.0,0.0
2025-11-14 00:00:00-05:00,98.98999786376953,99.47799682617188,97.83999633789062,98.77999877929688,1546900,0.0,0.0
2025-11-17 00:00:00-05:00,98.7699966430664,99.1500015258789,97.75,98.06999969482422,1698900,0.0,0.0
2025-11-18 00:00:00-05:00,97.52999877929688,98.36499786376953,97.19999694824219,97.80000305175781,1652700,0.0,0.0
2025-11-19 00:00:00-05:00,97.61000061035156,98.58000183105469,97.11000061035156,98.26000213623047,1529300,0.0,0.0
2025-11-20 00:00:00-05:00,98.83000183105469,99.30999755859375,97.06999969482422,97.29000091552734,1565200,0.0,0.0
2025-11-21 00:00:00-05:00,97.68000030517578,99.63999938964844,97.45999908447266,98.9800033569336,2183800,0.0,0.0
2025-11-24 00:00:00-05:00,98.63999938964844,98.84500122070312,97.45999908447266,98.13999938964844,4783700,0.0,0.0
2025-11-25 00:00:00-05:00,100.67500305175781,104.33000183105469,100.67500305175781,103.95999908447266,2780600,0.0,0.0
2025-11-26 00:00:00-05:00,103.87000274658203,103.87000274658203,100.94000244140625,101.2699966430664,1708300,0.0,0.0
2025-11-28 00:00:00-05:00,101.68000030517578,101.9800033569336,101.05000305175781,101.22000122070312,759700,0.0,0.0
2025-12-01 00:00:00-05:00,100.41999816894531,101.94999694824219,100.1500015258789,100.97000122070312,1438800,0.0,0.0
2025-12-02 00:00:00-05:00,101.41999816894531,102.47000122070312,100.95999908447266,101.80000305175781,2030000,0.0,0.0
2025-12-03 00:00:00-05:00,102.04000091552734,103.36000061035156,102.0199966430664,102.18000030517578,1074700,0.0,0.0
2025-12-04 00:00:00-05:00,102.51000213623047,104.08999633789062,102.4800033569336,102.88999938964844,1953800,0.0,0.0
2025-12-05 00:00:00-05:00,102.63999938964844,103.37000274658203,101.5999984741211,102.16000366210938,962900,0.0,0.0
2025-12-08 00:00:00-05:00,101.94000244140625,101.94000244140625,99.4000015258789,99.62000274658203,1519500,0.0,0.0
2025-12-09 00:00:00-05:00,99.55999755859375,99.70999908447266,98.19000244140625,98.41000366210938,1381400,0.0,0.0
2025-12-10 00:00:00-05:00,96.91999816894531,98.37000274658203,96.91999816894531,97.75,1692300,0.0,0.0
2025-12-11 00:00:00-05:00,98.05999755859375,99.36000061035156,97.80000305175781,98.7300033569336,1489200,0.0,0.0
2025-12-12 00:00:00-05:00,99.58999633789062,99.58999633789062,98.16999816894531,98.70999908447266,1276200,0.0,0.0
2025-12-15 00:00:00-05:00,99.3499984741211,100.47000122070312,98.66999816894531,100.27999877929688,2257000,0.0,0.0
2025-12-16 00:00:00-05:00,100.83999633789062,101.07499694824219,98.41999816894531,99.33999633789062,2202900,0.0,0.0
2025-12-17 00:00:00-05:00,99.0199966430664,100.43000030517578,98.65499877929688,100.05000305175781,2789200,0.0,0.0
2025-12-18 00:00:00-05:00,100.20999908447266,101.74500274658203,99.88999938964844,100.7699966430664,1972500,0.0,0.0
2025-12-19 00:00:00-05:00,100.44000244140625,100.81999969482422,99.47000122070312,100.58999633789062,5885600,0.0,0.0
2025-12-22 00:00:00-05:00,100.48999786376953,102.05999755859375,100.16999816894531,102.01000213623047,1637100,0.0,0.0
2025-12-23 00:00:00-05:00,102.05999755859375,102.69000244140625,101.25,102.63999938964844,1293300,0.0,0.0
2025-12-24 00:00:00-05:00,102.48999786376953,102.72000122070312,101.80000305175781,102.29000091552734,616700,0.0,0.0
2025-12-26 00:00:00-05:00,102.45999908447266,102.72000122070312,101.20999908447266,101.75,789200,0.0,0.0
